batch_size,allocation_time_ms,resize_time_ms
50,0.1059,0.25379999999999997
100,0.26830000000000004,0.5213
200,0.5252,1.1879
500,1.0582,2.7242
