n_complexes,n_reactions,sparse_matrix_gb,correlation_gb,tracker_gb,total_gb,shared_gb
500,300,1.32e-5,0.0005,0.000254,0.0007672,0.0007672
1500,1000,0.000124,0.0045,0.002262,0.006886,0.006886
5000,3000,0.001212,0.05,0.02504,0.076252,0.076252
15000,10000,0.01204,0.45,0.22512,0.68716,0.68716
50000,30000,0.12012,5.0,2.5004,7.62052,7.62052
